Date,Value
2017-04-30,484.39
2017-05-01,242.0
2017-05-02,358.43
2017-05-03,239.15
2017-05-04,348.99
2017-05-05,475.23
2017-05-06,329.11
2017-05-07,489.04
2017-05-08,288.45
2017-05-09,409.71
2017-05-10,191.54
2017-05-11,118.52
2017-05-12,439.0
2017-05-13,133.25
2017-05-14,243.28
2017-05-15,296.34
2017-05-16,364.38
2017-05-17,350.01
2017-05-18,450.56
2017-05-19,375.26
2017-05-20,332.41
2017-05-21,129.83
2017-05-22,268.04
2017-05-23,210.64
2017-05-24,331.04
2017-05-25,128.03
2017-05-26,435.56
2017-05-27,329.56
2017-05-28,369.2
2017-05-29,122.55
2017-05-30,293.31
2017-05-31,383.33
2017-06-01,237.16
2017-06-02,202.85
2017-06-03,150.42
2017-06-04,357.87
2017-06-05,121.19
2017-06-06,131.0
2017-06-07,193.83
2017-06-08,194.52
2017-06-09,385.32
2017-06-10,436.16
2017-06-11,207.98
2017-06-12,228.96
2017-06-13,448.57
2017-06-14,367.45
2017-06-15,245.51
2017-06-16,116.29
2017-06-17,214.65
2017-06-18,397.4
2017-06-19,297.1
2017-06-20,459.34
2017-06-21,121.31
2017-06-22,338.53
2017-06-23,196.22
2017-06-24,258.11
2017-06-25,195.01
2017-06-26,270.9
2017-06-27,304.12
2017-06-28,125.58
2017-06-29,480.93
2017-06-30,131.32
2017-07-01,311.01
2017-07-02,207.05
2017-07-03,141.14
2017-07-04,343.31
2017-07-05,489.87
2017-07-06,256.88
2017-07-07,377.84
2017-07-08,363.64
2017-07-09,291.98
2017-07-10,113.84
2017-07-11,167.01
2017-07-12,200.54
2017-07-13,277.01
2017-07-14,222.74
2017-07-15,187.13
2017-07-16,386.37
2017-07-17,490.58
2017-07-18,361.65
2017-07-19,450.53
2017-07-20,170.28
2017-07-21,475.99
2017-07-22,111.98
2017-07-23,132.87
2017-07-24,249.13
2017-07-25,387.44
2017-07-26,371.0
2017-07-27,133.16
2017-07-28,298.68
2017-07-29,481.2
2017-07-30,196.59
2017-07-31,343.35
2017-08-01,320.8
2017-08-02,348.07
2017-08-03,171.78
2017-08-04,179.87
2017-08-05,444.88
2017-08-06,310.89
2017-08-07,393.25
2017-08-08,138.53
2017-08-09,166.8
2017-08-10,179.06
2017-08-11,197.56
2017-08-12,132.45
2017-08-13,153.08
2017-08-14,355.62
2017-08-15,440.53
2017-08-16,395.59
2017-08-17,201.15
2017-08-18,410.61
2017-08-19,194.4
2017-08-20,496.84
2017-08-21,472.44
2017-08-22,402.29
2017-08-23,478.79
2017-08-24,493.44
2017-08-25,330.07
2017-08-26,104.02
2017-08-27,273.71
2017-08-28,404.12
2017-08-29,286.21
2017-08-30,255.11
2017-08-31,402.05
2017-09-01,210.99
2017-09-02,140.79
2017-09-03,388.98
2017-09-04,202.37
2017-09-05,452.64
2017-09-06,225.27
2017-09-07,407.11
2017-09-08,174.86
2017-09-09,318.84
2017-09-10,453.35
2017-09-11,328.92
2017-09-12,359.08
2017-09-13,207.43
2017-09-14,143.52
2017-09-15,224.53
2017-09-16,194.73
2017-09-17,484.21
2017-09-18,430.11
2017-09-19,143.62
2017-09-20,128.58
2017-09-21,242.82
2017-09-22,477.96
2017-09-23,285.89
2017-09-24,451.04
2017-09-25,128.12
2017-09-26,171.86
2017-09-27,105.28
2017-09-28,474.63
2017-09-29,234.07
2017-09-30,490.4
2017-10-01,141.59
2017-10-02,392.16
2017-10-03,351.65
2017-10-04,227.2
2017-10-05,110.58
2017-10-06,497.66
2017-10-07,300.3
2017-10-08,305.4
2017-10-09,373.03
2017-10-10,117.17
2017-10-11,243.95
2017-10-12,258.93
2017-10-13,399.59
2017-10-14,207.32
2017-10-15,304.73
2017-10-16,276.47
2017-10-17,460.87
2017-10-18,243.89
2017-10-19,213.0
2017-10-20,196.49
2017-10-21,242.39
2017-10-22,162.35
2017-10-23,431.2
2017-10-24,305.7
2017-10-25,471.17
2017-10-26,269.55
2017-10-27,220.61
2017-10-28,346.55
2017-10-29,191.1
2017-10-30,149.79
2017-10-31,242.16
2017-11-01,376.44
2017-11-02,273.97
2017-11-03,207.25
2017-11-04,470.62
2017-11-05,299.17
2017-11-06,467.28
2017-11-07,474.1
2017-11-08,222.87
2017-11-09,126.54
2017-11-10,386.44
2017-11-11,421.95
2017-11-12,194.65
2017-11-13,355.19
2017-11-14,198.85
2017-11-15,365.91
2017-11-16,261.87
2017-11-17,167.76
2017-11-18,437.51
2017-11-19,459.33
2017-11-20,415.47
2017-11-21,141.44
2017-11-22,222.66
2017-11-23,498.4
2017-11-24,492.16
2017-11-25,410.53
2017-11-26,286.82
2017-11-27,357.33
2017-11-28,345.09
2017-11-29,494.99
2017-11-30,271.73
2017-12-01,414.91
2017-12-02,477.07
2017-12-03,140.76
2017-12-04,206.58
2017-12-05,224.9
2017-12-06,448.55
2017-12-07,427.3
2017-12-08,332.96
2017-12-09,322.17
2017-12-10,204.85
2017-12-11,466.69
2017-12-12,364.66
2017-12-13,484.09
2017-12-14,441.79
2017-12-15,284.99
2017-12-16,163.71
2017-12-17,323.66
2017-12-18,376.17
2017-12-19,166.6
2017-12-20,125.22
2017-12-21,474.55
2017-12-22,177.61
2017-12-23,217.11
2017-12-24,341.54
2017-12-25,169.59
2017-12-26,481.43
2017-12-27,382.3
2017-12-28,146.07
2017-12-29,409.32
2017-12-30,354.6
2017-12-31,468.69
2018-01-01,201.55
2018-01-02,214.34
2018-01-03,184.46
2018-01-04,102.51
2018-01-05,120.27
2018-01-06,287.51
2018-01-07,154.31
2018-01-08,338.38
2018-01-09,419.11
2018-01-10,460.11
2018-01-11,380.33
2018-01-12,385.24
2018-01-13,125.79
2018-01-14,348.59
2018-01-15,346.0
2018-01-16,282.6
2018-01-17,450.9
2018-01-18,421.84
2018-01-19,430.29
2018-01-20,207.65
2018-01-21,235.8
2018-01-22,245.85
2018-01-23,417.07
2018-01-24,225.3
2018-01-25,450.5
2018-01-26,174.87
2018-01-27,443.36
2018-01-28,224.67
2018-01-29,156.48
2018-01-30,332.31
2018-01-31,477.34
2018-02-01,141.02
2018-02-02,377.14
2018-02-03,251.6
2018-02-04,313.49
2018-02-05,279.84
2018-02-06,311.09
2018-02-07,245.27
2018-02-08,148.24
2018-02-09,283.81
2018-02-10,467.75
2018-02-11,157.63
2018-02-12,241.03
2018-02-13,125.39
2018-02-14,276.48
2018-02-15,307.69
2018-02-16,396.83
2018-02-17,331.65
2018-02-18,332.52
2018-02-19,423.04
2018-02-20,126.8
2018-02-21,102.85
2018-02-22,285.5
2018-02-23,381.9
2018-02-24,379.68
2018-02-25,450.51
2018-02-26,154.02
2018-02-27,473.37
2018-02-28,416.49
2018-03-01,409.87
2018-03-02,305.44
2018-03-03,406.74
2018-03-04,344.13
2018-03-05,134.6
2018-03-06,476.19
2018-03-07,361.3
2018-03-08,437.87
2018-03-09,151.5
2018-03-10,302.55
2018-03-11,195.08
2018-03-12,355.91
2018-03-13,219.11
2018-03-14,155.52
2018-03-15,148.85
2018-03-16,109.54
2018-03-17,198.88
2018-03-18,467.27
2018-03-19,162.87
2018-03-20,455.15
2018-03-21,120.24
2018-03-22,401.85
2018-03-23,429.42
2018-03-24,263.08
2018-03-25,273.97
2018-03-26,204.74
2018-03-27,359.79
2018-03-28,344.57
2018-03-29,401.82
2018-03-30,298.34
2018-03-31,306.16
2018-04-01,215.05
2018-04-02,151.4
2018-04-03,233.24
2018-04-04,372.25
2018-04-05,480.19
2018-04-06,465.76
2018-04-07,488.39
2018-04-08,290.24
2018-04-09,461.74
2018-04-10,162.05
2018-04-11,391.74
2018-04-12,491.89
2018-04-13,476.11
2018-04-14,477.37
2018-04-15,190.84
2018-04-16,209.22
2018-04-17,497.47
2018-04-18,182.45
2018-04-19,211.05
2018-04-20,491.48
2018-04-21,350.0
2018-04-22,201.8
2018-04-23,428.6
2018-04-24,209.12
2018-04-25,471.88
2018-04-26,239.38
2018-04-27,276.29
2018-04-28,252.34
2018-04-29,335.44
2018-04-30,440.52
2018-05-01,142.77
2018-05-02,392.38
2018-05-03,300.92
2018-05-04,347.89
2018-05-05,465.91
2018-05-06,230.31
2018-05-07,224.93
2018-05-08,423.08
2018-05-09,346.83
2018-05-10,445.18
2018-05-11,340.68
2018-05-12,124.81
2018-05-13,370.2
2018-05-14,228.6
2018-05-15,395.5
2018-05-16,151.57
2018-05-17,257.16
2018-05-18,143.94
2018-05-19,154.65
2018-05-20,175.56
2018-05-21,364.78
2018-05-22,226.91
2018-05-23,406.92
2018-05-24,403.44
2018-05-25,153.25
2018-05-26,145.99
2018-05-27,141.08
2018-05-28,133.67
2018-05-29,443.8
2018-05-30,354.09
2018-05-31,431.47
2018-06-01,381.26
2018-06-02,365.16
2018-06-03,128.04
2018-06-04,473.91
2018-06-05,385.11
2018-06-06,412.08
2018-06-07,265.84
2018-06-08,269.0
2018-06-09,117.68
2018-06-10,461.96
2018-06-11,196.04
2018-06-12,418.36
2018-06-13,150.15
2018-06-14,290.83
2018-06-15,436.0
2018-06-16,199.8
2018-06-17,245.25
2018-06-18,244.3
2018-06-19,368.69
2018-06-20,153.41
2018-06-21,339.89
2018-06-22,180.89
2018-06-23,156.49
2018-06-24,206.68
2018-06-25,202.79
2018-06-26,148.75
2018-06-27,139.89
2018-06-28,170.76
2018-06-29,355.17
2018-06-30,419.04
2018-07-01,288.36
2018-07-02,331.4
2018-07-03,290.3
2018-07-04,311.07
2018-07-05,206.21
2018-07-06,395.87
2018-07-07,464.3
2018-07-08,185.62
2018-07-09,162.47
2018-07-10,356.34
2018-07-11,381.71
2018-07-12,488.0
2018-07-13,151.53
2018-07-14,298.57
2018-07-15,376.6
2018-07-16,256.3
2018-07-17,494.1
2018-07-18,449.44
2018-07-19,422.25
2018-07-20,157.06
2018-07-21,469.1
2018-07-22,436.47
2018-07-23,484.61
2018-07-24,354.37
2018-07-25,459.74
2018-07-26,224.17
2018-07-27,194.07
2018-07-28,410.5
2018-07-29,496.64
2018-07-30,174.48
2018-07-31,433.14
2018-08-01,483.27
2018-08-02,484.79
2018-08-03,229.21
2018-08-04,393.08
2018-08-05,134.83
2018-08-06,390.77
2018-08-07,166.19
2018-08-08,188.92
2018-08-09,410.85
2018-08-10,376.74
2018-08-11,269.85
2018-08-12,247.78
2018-08-13,476.68
2018-08-14,365.07
2018-08-15,314.54
2018-08-16,182.88
2018-08-17,221.82
2018-08-18,388.23
2018-08-19,344.63
2018-08-20,186.18
2018-08-21,349.95
2018-08-22,196.33
2018-08-23,371.59
2018-08-24,481.64
2018-08-25,284.29
2018-08-26,153.94
2018-08-27,301.75
2018-08-28,224.81
2018-08-29,171.2
2018-08-30,492.86
2018-08-31,157.58
2018-09-01,230.53
2018-09-02,443.36
2018-09-03,120.94
2018-09-04,152.89
2018-09-05,304.81
2018-09-06,266.78
2018-09-07,330.56
2018-09-08,119.27
2018-09-09,174.02
2018-09-10,260.5
2018-09-11,224.56
2018-09-12,485.98
2018-09-13,325.06
2018-09-14,108.54
2018-09-15,437.47
2018-09-16,495.26
2018-09-17,480.21
2018-09-18,101.99
2018-09-19,269.73
2018-09-20,192.29
2018-09-21,190.0
2018-09-22,178.77
2018-09-23,317.22
2018-09-24,255.35
2018-09-25,241.54
2018-09-26,474.32
2018-09-27,491.64
2018-09-28,174.94
2018-09-29,126.31
2018-09-30,339.05
2018-10-01,355.31
2018-10-02,493.06
2018-10-03,479.85
2018-10-04,460.67
2018-10-05,145.85
2018-10-06,177.17
2018-10-07,354.32
2018-10-08,362.7
2018-10-09,290.78
2018-10-10,455.71
2018-10-11,395.74
2018-10-12,100.0
2018-10-13,420.67
2018-10-14,273.98
2018-10-15,308.39
2018-10-16,447.86
2018-10-17,432.5
2018-10-18,222.93
2018-10-19,302.78
2018-10-20,391.73
2018-10-21,243.39
2018-10-22,488.71
2018-10-23,347.04
2018-10-24,457.96
2018-10-25,199.56
2018-10-26,354.23
2018-10-27,200.34
2018-10-28,248.55
2018-10-29,254.99
2018-10-30,405.58
2018-10-31,472.54
2018-11-01,413.85
2018-11-02,402.14
2018-11-03,122.44
2018-11-04,165.64
2018-11-05,159.09
2018-11-06,151.74
2018-11-07,467.46
2018-11-08,189.89
2018-11-09,494.89
2018-11-10,165.83
2018-11-11,395.59
2018-11-12,138.6
2018-11-13,408.14
2018-11-14,456.88
2018-11-15,220.78
2018-11-16,220.15
2018-11-17,401.14
2018-11-18,345.86
2018-11-19,298.41
2018-11-20,177.02
2018-11-21,172.91
2018-11-22,403.87
2018-11-23,479.01
2018-11-24,404.32
2018-11-25,169.02
2018-11-26,208.07
2018-11-27,112.93
2018-11-28,393.3
2018-11-29,238.75
2018-11-30,239.49
2018-12-01,421.51
2018-12-02,222.98
2018-12-03,458.3
2018-12-04,419.89
2018-12-05,313.03
2018-12-06,124.69
2018-12-07,255.18
2018-12-08,458.99
2018-12-09,227.14
2018-12-10,126.11
2018-12-11,447.83
2018-12-12,414.49
2018-12-13,360.85
2018-12-14,351.67
2018-12-15,352.89
2018-12-16,499.11
2018-12-17,138.35
2018-12-18,112.31
2018-12-19,255.83
2018-12-20,127.86
2018-12-21,305.7
2018-12-22,291.32
2018-12-23,211.06
2018-12-24,112.16
2018-12-25,348.31
2018-12-26,388.08
2018-12-27,388.13
2018-12-28,317.99
2018-12-29,366.17
2018-12-30,465.36
2018-12-31,156.76
2019-01-01,107.14
2019-01-02,492.93
2019-01-03,340.09
2019-01-04,337.87
2019-01-05,297.03
2019-01-06,376.28
2019-01-07,277.32
2019-01-08,412.23
2019-01-09,410.6
2019-01-10,450.0
2019-01-11,136.46
2019-01-12,396.63
2019-01-13,452.89
2019-01-14,289.43
2019-01-15,434.1
2019-01-16,251.08
2019-01-17,265.72
2019-01-18,151.59
2019-01-19,173.69
2019-01-20,292.9
2019-01-21,362.64
2019-01-22,397.03
2019-01-23,430.61
2019-01-24,185.45
2019-01-25,169.05
2019-01-26,312.45
2019-01-27,208.97
2019-01-28,410.45
2019-01-29,425.14
2019-01-30,156.58
2019-01-31,135.3
2019-02-01,311.52
2019-02-02,128.53
2019-02-03,456.19
2019-02-04,220.39
2019-02-05,379.7
2019-02-06,216.21
2019-02-07,249.95
2019-02-08,491.77
2019-02-09,350.51
2019-02-10,338.99
2019-02-11,317.73
2019-02-12,158.28
2019-02-13,264.21
2019-02-14,233.33
2019-02-15,108.2
2019-02-16,287.62
2019-02-17,214.38
2019-02-18,180.7
2019-02-19,480.19
2019-02-20,359.33
2019-02-21,357.24
2019-02-22,475.36
2019-02-23,177.78
2019-02-24,280.36
2019-02-25,355.18
2019-02-26,284.64
2019-02-27,105.77
2019-02-28,429.9
2019-03-01,375.67
2019-03-02,235.07
2019-03-03,434.15
2019-03-04,447.08
2019-03-05,456.83
2019-03-06,109.74
2019-03-07,171.87
2019-03-08,494.78
2019-03-09,110.0
2019-03-10,407.98
2019-03-11,147.32
2019-03-12,137.95
2019-03-13,384.98
2019-03-14,424.75
2019-03-15,355.44
2019-03-16,229.58
2019-03-17,323.42
2019-03-18,193.78
2019-03-19,167.95
2019-03-20,120.17
2019-03-21,258.14
2019-03-22,454.07
2019-03-23,204.32
2019-03-24,466.32
2019-03-25,170.6
2019-03-26,497.93
2019-03-27,220.08
2019-03-28,161.0
2019-03-29,204.25
2019-03-30,281.69
2019-03-31,206.63
2019-04-01,140.71
2019-04-02,287.23
2019-04-03,345.11
2019-04-04,180.58
2019-04-05,425.57
2019-04-06,449.67
2019-04-07,425.25
2019-04-08,368.87
2019-04-09,365.37
2019-04-10,220.36
2019-04-11,446.69
2019-04-12,293.93
2019-04-13,279.6
2019-04-14,336.41
2019-04-15,317.45
2019-04-16,241.9
2019-04-17,440.83
2019-04-18,299.58
2019-04-19,486.76
2019-04-20,306.57
2019-04-21,468.68
2019-04-22,278.82
2019-04-23,394.92
2019-04-24,231.21
2019-04-25,226.21
2019-04-26,274.49
2019-04-27,390.98
2019-04-28,281.77
2019-04-29,262.32
2019-04-30,233.5
2019-05-01,434.13
2019-05-02,467.26
2019-05-03,156.31
2019-05-04,334.76
2019-05-05,496.95
2019-05-06,139.14
2019-05-07,280.34
2019-05-08,104.34
2019-05-09,353.63
2019-05-10,454.52
2019-05-11,375.07
2019-05-12,197.19
2019-05-13,405.28
2019-05-14,308.06
2019-05-15,260.85
2019-05-16,119.69
2019-05-17,490.25
2019-05-18,471.76
2019-05-19,455.68
2019-05-20,456.71
2019-05-21,182.16
2019-05-22,480.75
2019-05-23,311.63
2019-05-24,222.32
2019-05-25,436.53
2019-05-26,324.38
2019-05-27,202.63
2019-05-28,282.8
2019-05-29,114.65
2019-05-30,118.84
2019-05-31,435.14
2019-06-01,244.23
2019-06-02,120.49
2019-06-03,169.67
2019-06-04,303.96
2019-06-05,109.71
2019-06-06,283.69
2019-06-07,443.6
2019-06-08,463.24
2019-06-09,381.18
2019-06-10,388.74
2019-06-11,447.66
2019-06-12,148.93
2019-06-13,217.15
2019-06-14,404.25
2019-06-15,491.77
2019-06-16,432.69
2019-06-17,250.27
2019-06-18,105.4
2019-06-19,327.09
2019-06-20,116.43
2019-06-21,111.8
2019-06-22,366.29
2019-06-23,196.34
2019-06-24,116.42
2019-06-25,391.82
2019-06-26,184.32
2019-06-27,467.27
2019-06-28,165.03
2019-06-29,215.42
2019-06-30,188.92
2019-07-01,154.16
2019-07-02,396.23
2019-07-03,211.15
2019-07-04,198.62
2019-07-05,113.92
2019-07-06,317.23
2019-07-07,459.82
2019-07-08,362.94
2019-07-09,450.46
2019-07-10,190.0
2019-07-11,401.86
2019-07-12,484.72
2019-07-13,364.41
2019-07-14,344.85
2019-07-15,447.46
2019-07-16,133.34
2019-07-17,278.29
2019-07-18,245.74
2019-07-19,345.84
2019-07-20,263.14
2019-07-21,492.56
2019-07-22,136.95
2019-07-23,178.26
2019-07-24,169.18
2019-07-25,150.12
2019-07-26,131.63
2019-07-27,343.19
2019-07-28,361.19
2019-07-29,478.13
2019-07-30,150.68
2019-07-31,218.74
2019-08-01,320.22
2019-08-02,469.19
2019-08-03,302.89
2019-08-04,376.02
2019-08-05,204.89
2019-08-06,331.48
2019-08-07,498.86
2019-08-08,119.19
2019-08-09,474.36
2019-08-10,339.37
2019-08-11,467.92
2019-08-12,252.23
2019-08-13,193.07
2019-08-14,373.67
2019-08-15,463.79
2019-08-16,491.89
2019-08-17,403.27
2019-08-18,392.39
2019-08-19,282.06
2019-08-20,271.25
2019-08-21,374.5
2019-08-22,442.23
2019-08-23,393.0
2019-08-24,100.84
2019-08-25,256.65
2019-08-26,339.84
2019-08-27,346.12
2019-08-28,460.58
2019-08-29,270.88
2019-08-30,284.63
2019-08-31,227.77
2019-09-01,271.52
2019-09-02,424.87
2019-09-03,432.89
2019-09-04,320.64
2019-09-05,473.47
2019-09-06,380.05
2019-09-07,206.82
2019-09-08,275.29
2019-09-09,288.17
2019-09-10,190.75
2019-09-11,340.33
2019-09-12,281.61
2019-09-13,101.68
2019-09-14,458.69
2019-09-15,240.96
2019-09-16,218.95
2019-09-17,481.71
2019-09-18,491.93
2019-09-19,492.42
2019-09-20,350.65
2019-09-21,158.16
2019-09-22,380.21
2019-09-23,263.07
2019-09-24,123.86
2019-09-25,177.69
2019-09-26,287.22
2019-09-27,214.48
2019-09-28,417.73
2019-09-29,160.29
2019-09-30,305.19
2019-10-01,267.99
2019-10-02,106.37
2019-10-03,437.83
2019-10-04,106.01
2019-10-05,186.68
2019-10-06,142.94
2019-10-07,249.06
2019-10-08,338.28
2019-10-09,242.32
2019-10-10,390.21
2019-10-11,368.25
2019-10-12,335.15
2019-10-13,367.55
2019-10-14,356.41
2019-10-15,287.3
2019-10-16,338.61
2019-10-17,365.45
2019-10-18,399.98
2019-10-19,467.69
2019-10-20,258.65
2019-10-21,194.31
2019-10-22,306.26
2019-10-23,240.67
2019-10-24,292.03
2019-10-25,226.82
2019-10-26,492.26
2019-10-27,319.41
2019-10-28,195.36
2019-10-29,129.51
2019-10-30,374.12
2019-10-31,191.41
2019-11-01,361.69
2019-11-02,480.97
2019-11-03,221.75
2019-11-04,131.8
2019-11-05,229.97
2019-11-06,203.52
2019-11-07,339.55
2019-11-08,360.0
2019-11-09,135.13
2019-11-10,302.06
2019-11-11,150.2
2019-11-12,367.25
2019-11-13,358.2
2019-11-14,402.44
2019-11-15,331.58
2019-11-16,313.05
2019-11-17,284.69
2019-11-18,380.98
2019-11-19,258.99
2019-11-20,460.31
2019-11-21,115.36
2019-11-22,489.07
2019-11-23,451.67
2019-11-24,328.55
2019-11-25,163.7
2019-11-26,227.5
2019-11-27,272.53
2019-11-28,392.45
2019-11-29,489.78
2019-11-30,146.39
2019-12-01,426.36
2019-12-02,131.96
2019-12-03,139.77
2019-12-04,191.15
2019-12-05,250.12
2019-12-06,193.16
2019-12-07,236.57
2019-12-08,216.83
2019-12-09,267.98
2019-12-10,373.86
2019-12-11,406.36
2019-12-12,121.46
2019-12-13,126.39
2019-12-14,364.3
2019-12-15,128.61
2019-12-16,495.74
2019-12-17,314.32
2019-12-18,328.72
2019-12-19,471.09
2019-12-20,297.86
2019-12-21,386.88
2019-12-22,358.64
2019-12-23,306.99
2019-12-24,219.38
2019-12-25,403.44
2019-12-26,479.49
2019-12-27,396.19
2019-12-28,362.32
2019-12-29,117.86
2019-12-30,269.16
2019-12-31,479.33
2020-01-01,428.23
2020-01-02,322.63
2020-01-03,361.41
2020-01-04,259.78
2020-01-05,365.91
2020-01-06,373.27
2020-01-07,419.48
2020-01-08,304.45
2020-01-09,121.43
2020-01-10,236.4
2020-01-11,145.38
2020-01-12,206.23
2020-01-13,494.74
2020-01-14,330.38
2020-01-15,186.47
2020-01-16,490.8
2020-01-17,395.27
2020-01-18,316.2
2020-01-19,225.76
2020-01-20,366.05
2020-01-21,454.55
2020-01-22,405.46
2020-01-23,196.53
2020-01-24,303.91
2020-01-25,440.99
2020-01-26,124.66
2020-01-27,158.98
2020-01-28,113.73
2020-01-29,410.13
2020-01-30,143.02
2020-01-31,475.15
2020-02-01,286.8
2020-02-02,163.41
2020-02-03,374.04
2020-02-04,109.35
2020-02-05,143.37
2020-02-06,325.93
2020-02-07,101.85
2020-02-08,148.53
2020-02-09,426.17
2020-02-10,348.04
2020-02-11,190.82
2020-02-12,470.27
2020-02-13,197.64
2020-02-14,461.68
2020-02-15,392.79
2020-02-16,497.37
2020-02-17,450.28
2020-02-18,214.84
2020-02-19,446.24
2020-02-20,289.95
2020-02-21,426.12
2020-02-22,399.58
2020-02-23,460.24
2020-02-24,403.75
2020-02-25,263.59
2020-02-26,156.01
2020-02-27,366.52
2020-02-28,126.09
2020-02-29,353.37
2020-03-01,478.83
2020-03-02,282.82
2020-03-03,305.94
2020-03-04,322.31
2020-03-05,481.73
2020-03-06,319.06
2020-03-07,200.4
2020-03-08,134.76
2020-03-09,429.82
2020-03-10,262.09
2020-03-11,310.24
2020-03-12,212.79
2020-03-13,338.12
2020-03-14,389.8
2020-03-15,439.15
2020-03-16,133.14
2020-03-17,199.41
2020-03-18,106.48
2020-03-19,388.8
2020-03-20,282.61
2020-03-21,208.4
2020-03-22,223.75
2020-03-23,147.67
2020-03-24,226.95
2020-03-25,204.25
2020-03-26,186.68
2020-03-27,199.9
2020-03-28,384.45
2020-03-29,153.42
2020-03-30,337.83
2020-03-31,163.03
2020-04-01,433.78
2020-04-02,149.9
2020-04-03,206.44
2020-04-04,186.94
2020-04-05,155.99
2020-04-06,243.11
2020-04-07,247.47
2020-04-08,166.69
2020-04-09,210.17
2020-04-10,140.22
2020-04-11,212.14
2020-04-12,112.98
2020-04-13,320.52
2020-04-14,187.69
2020-04-15,208.64
2020-04-16,268.09
2020-04-17,124.95
2020-04-18,370.9
2020-04-19,437.47
2020-04-20,453.15
2020-04-21,472.59
2020-04-22,336.33
2020-04-23,138.7
2020-04-24,137.48
2020-04-25,287.3
2020-04-26,414.65
2020-04-27,475.87
2020-04-28,279.43
2020-04-29,411.39
2020-04-30,194.08
2020-05-01,445.65
2020-05-02,420.38
2020-05-03,380.46
2020-05-04,342.24
2020-05-05,220.76
2020-05-06,135.16
2020-05-07,450.51
2020-05-08,405.37
2020-05-09,479.35
2020-05-10,153.78
2020-05-11,137.41
2020-05-12,378.14
2020-05-13,481.66
2020-05-14,275.79
2020-05-15,100.63
2020-05-16,429.07
2020-05-17,453.96
2020-05-18,200.19
2020-05-19,355.36
2020-05-20,174.54
2020-05-21,458.1
2020-05-22,118.55
2020-05-23,278.16
2020-05-24,254.04
2020-05-25,398.17
2020-05-26,391.87
2020-05-27,130.45
2020-05-28,381.94
2020-05-29,285.51
2020-05-30,301.62
2020-05-31,157.69
2020-06-01,203.27
2020-06-02,278.35
2020-06-03,185.52
2020-06-04,266.21
2020-06-05,491.22
2020-06-06,490.73
2020-06-07,161.26
2020-06-08,440.28
2020-06-09,269.73
2020-06-10,167.15
2020-06-11,258.07
2020-06-12,135.68
2020-06-13,439.12
2020-06-14,442.99
2020-06-15,122.62
2020-06-16,457.27
2020-06-17,278.22
2020-06-18,421.2
2020-06-19,170.62
2020-06-20,240.52
2020-06-21,425.76
2020-06-22,316.22
2020-06-23,364.75
2020-06-24,285.24
2020-06-25,371.93
2020-06-26,253.87
2020-06-27,104.68
2020-06-28,143.88
2020-06-29,494.36
2020-06-30,215.2
2020-07-01,363.73
2020-07-02,438.13
2020-07-03,112.66
2020-07-04,229.59
2020-07-05,288.24
2020-07-06,169.67
2020-07-07,410.65
2020-07-08,449.69
2020-07-09,382.32
2020-07-10,173.63
2020-07-11,107.33
2020-07-12,437.42
2020-07-13,258.92
2020-07-14,409.38
2020-07-15,174.36
2020-07-16,387.58
2020-07-17,205.91
2020-07-18,221.27
2020-07-19,396.09
2020-07-20,203.42
2020-07-21,498.66
2020-07-22,443.55
2020-07-23,485.05
2020-07-24,126.4
2020-07-25,411.01
2020-07-26,107.61
2020-07-27,354.16
2020-07-28,472.48
2020-07-29,370.24
2020-07-30,420.59
2020-07-31,383.95
2020-08-01,183.45
2020-08-02,236.73
2020-08-03,134.39
2020-08-04,347.43
2020-08-05,130.18
2020-08-06,469.82
2020-08-07,105.68
2020-08-08,165.08
2020-08-09,135.0
2020-08-10,391.29
2020-08-11,200.45
2020-08-12,404.95
2020-08-13,287.98
2020-08-14,489.62
2020-08-15,271.49
2020-08-16,445.69
2020-08-17,440.85
2020-08-18,464.78
2020-08-19,454.66
2020-08-20,126.56
2020-08-21,187.9
2020-08-22,451.04
2020-08-23,246.0
2020-08-24,427.74
2020-08-25,411.47
2020-08-26,124.64
2020-08-27,143.09
2020-08-28,289.25
2020-08-29,259.01
2020-08-30,480.26
2020-08-31,444.67
2020-09-01,249.4
2020-09-02,151.27
2020-09-03,499.11
2020-09-04,160.58
2020-09-05,168.51
2020-09-06,306.19
2020-09-07,103.53
2020-09-08,461.03
2020-09-09,232.43
2020-09-10,147.97
2020-09-11,185.53
2020-09-12,368.14
2020-09-13,201.4
2020-09-14,184.58
2020-09-15,490.37
2020-09-16,359.72
2020-09-17,220.79
2020-09-18,395.37
2020-09-19,309.77
2020-09-20,218.71
2020-09-21,292.66
2020-09-22,104.1
2020-09-23,315.06
2020-09-24,167.34
2020-09-25,480.68
2020-09-26,498.46
2020-09-27,453.65
2020-09-28,184.08
2020-09-29,389.08
2020-09-30,255.41
2020-10-01,332.56
2020-10-02,437.92
2020-10-03,246.92
2020-10-04,230.98
2020-10-05,311.18
2020-10-06,445.37
2020-10-07,347.44
2020-10-08,332.62
2020-10-09,116.06
2020-10-10,327.49
2020-10-11,373.04
2020-10-12,284.95
2020-10-13,329.73
2020-10-14,430.86
2020-10-15,479.54
2020-10-16,228.53
2020-10-17,441.07
2020-10-18,387.53
2020-10-19,499.54
2020-10-20,166.85
2020-10-21,155.85
2020-10-22,184.88
2020-10-23,236.73
2020-10-24,122.09
2020-10-25,216.68
2020-10-26,367.45
2020-10-27,131.42
2020-10-28,360.83
2020-10-29,470.71
2020-10-30,286.52
2020-10-31,115.06
2020-11-01,289.4
2020-11-02,434.8
2020-11-03,185.34
2020-11-04,395.15
2020-11-05,304.18
2020-11-06,451.66
2020-11-07,166.93
2020-11-08,261.99
2020-11-09,160.16
2020-11-10,225.55
2020-11-11,446.9
2020-11-12,205.52
2020-11-13,136.12
2020-11-14,401.28
2020-11-15,397.82
2020-11-16,442.99
2020-11-17,368.05
2020-11-18,202.29
2020-11-19,385.52
2020-11-20,372.19
2020-11-21,469.42
2020-11-22,138.84
2020-11-23,295.84
2020-11-24,331.47
2020-11-25,421.05
2020-11-26,382.2
2020-11-27,194.74
2020-11-28,423.76
2020-11-29,187.37
2020-11-30,110.29
2020-12-01,251.44
2020-12-02,471.51
2020-12-03,393.62
2020-12-04,463.87
2020-12-05,492.39
2020-12-06,128.75
2020-12-07,238.44
2020-12-08,119.52
2020-12-09,492.2
2020-12-10,183.77
2020-12-11,437.52
2020-12-12,341.5
2020-12-13,148.62
2020-12-14,225.0
2020-12-15,135.59
2020-12-16,288.48
2020-12-17,201.05
2020-12-18,178.28
2020-12-19,492.55
2020-12-20,161.23
2020-12-21,214.12
2020-12-22,100.51
2020-12-23,408.26
2020-12-24,261.32
2020-12-25,256.35
2020-12-26,343.97
2020-12-27,227.63
2020-12-28,308.05
2020-12-29,331.62
2020-12-30,492.88
2020-12-31,364.39
2021-01-01,248.34
2021-01-02,256.91
2021-01-03,342.02
2021-01-04,468.58
2021-01-05,175.18
2021-01-06,186.84
2021-01-07,244.69
2021-01-08,438.43
2021-01-09,421.81
2021-01-10,418.9
2021-01-11,218.87
2021-01-12,323.59
2021-01-13,497.77
2021-01-14,190.75
2021-01-15,266.86
2021-01-16,174.48
2021-01-17,420.05
2021-01-18,195.75
2021-01-19,337.97
2021-01-20,210.11
2021-01-21,224.92
2021-01-22,496.97
2021-01-23,495.98
2021-01-24,450.58
2021-01-25,443.85
2021-01-26,454.46
2021-01-27,418.75
2021-01-28,300.63
2021-01-29,255.18
2021-01-30,388.29
2021-01-31,108.51
2021-02-01,111.46
2021-02-02,451.63
2021-02-03,472.04
2021-02-04,462.74
2021-02-05,103.01
2021-02-06,225.79
2021-02-07,105.0
2021-02-08,362.44
2021-02-09,348.76
2021-02-10,177.6
2021-02-11,396.36
2021-02-12,330.09
2021-02-13,416.47
2021-02-14,422.48
2021-02-15,127.52
2021-02-16,456.68
2021-02-17,227.82
2021-02-18,492.39
2021-02-19,413.38
2021-02-20,398.58
2021-02-21,174.85
2021-02-22,297.31
2021-02-23,381.21
2021-02-24,391.7
2021-02-25,389.28
2021-02-26,184.64
2021-02-27,375.9
2021-02-28,237.78
2021-03-01,271.18
2021-03-02,231.71
2021-03-03,496.01
2021-03-04,480.64
2021-03-05,282.01
2021-03-06,214.15
2021-03-07,198.88
2021-03-08,371.23
2021-03-09,402.5
2021-03-10,147.44
2021-03-11,351.1
2021-03-12,210.17
2021-03-13,470.26
2021-03-14,225.86
2021-03-15,347.04
2021-03-16,182.19
2021-03-17,320.29
2021-03-18,201.49
2021-03-19,116.18
2021-03-20,111.11
2021-03-21,368.12
2021-03-22,376.7
2021-03-23,471.8
2021-03-24,458.93
2021-03-25,311.46
2021-03-26,270.34
2021-03-27,199.68
2021-03-28,228.44
2021-03-29,306.67
2021-03-30,307.8
2021-03-31,266.23
2021-04-01,455.77
2021-04-02,450.64
2021-04-03,165.59
2021-04-04,425.1
2021-04-05,481.54
2021-04-06,354.05
2021-04-07,290.3
2021-04-08,436.47
2021-04-09,191.88
2021-04-10,425.78
2021-04-11,323.32
2021-04-12,376.56
2021-04-13,231.15
2021-04-14,121.77
2021-04-15,177.03
2021-04-16,262.02
2021-04-17,245.69
2021-04-18,238.85
2021-04-19,486.74
2021-04-20,310.78
2021-04-21,150.22
2021-04-22,497.81
2021-04-23,329.07
2021-04-24,109.77
2021-04-25,251.07
2021-04-26,324.6
2021-04-27,263.14
2021-04-28,198.88
2021-04-29,418.25
2021-04-30,238.18
2021-05-01,353.9
2021-05-02,131.09
2021-05-03,471.42
2021-05-04,339.12
2021-05-05,415.33
2021-05-06,131.83
2021-05-07,270.7
2021-05-08,374.04
2021-05-09,489.67
2021-05-10,177.56
2021-05-11,440.12
2021-05-12,198.73
2021-05-13,482.78
2021-05-14,206.09
2021-05-15,382.16
2021-05-16,296.08
2021-05-17,340.11
2021-05-18,230.96
2021-05-19,292.01
2021-05-20,278.5
2021-05-21,133.45
2021-05-22,252.18
2021-05-23,154.54
2021-05-24,274.77
2021-05-25,446.46
2021-05-26,422.37
2021-05-27,335.78
2021-05-28,127.97
2021-05-29,318.23
2021-05-30,380.49
2021-05-31,232.07
2021-06-01,410.04
2021-06-02,425.28
2021-06-03,424.06
2021-06-04,232.47
2021-06-05,414.21
2021-06-06,367.91
2021-06-07,259.94
2021-06-08,291.04
2021-06-09,259.2
2021-06-10,226.65
2021-06-11,455.2
2021-06-12,105.9
2021-06-13,431.72
2021-06-14,438.85
2021-06-15,380.9
2021-06-16,451.98
2021-06-17,316.78
2021-06-18,281.01
2021-06-19,456.66
2021-06-20,342.34
2021-06-21,146.59
2021-06-22,259.05
2021-06-23,361.36
2021-06-24,185.12
2021-06-25,172.04
2021-06-26,124.03
2021-06-27,445.38
2021-06-28,313.21
2021-06-29,188.25
2021-06-30,325.28
2021-07-01,150.39
2021-07-02,305.29
2021-07-03,310.79
2021-07-04,404.3
2021-07-05,100.49
2021-07-06,345.4
2021-07-07,479.34
2021-07-08,200.16
2021-07-09,375.04
2021-07-10,487.42
2021-07-11,234.74
2021-07-12,216.54
2021-07-13,415.77
2021-07-14,127.66
2021-07-15,345.64
2021-07-16,133.59
2021-07-17,216.75
2021-07-18,284.48
2021-07-19,496.95
2021-07-20,494.94
2021-07-21,277.75
2021-07-22,269.63
2021-07-23,102.53
2021-07-24,271.91
2021-07-25,207.6
2021-07-26,144.51
2021-07-27,406.34
2021-07-28,161.06
2021-07-29,491.21
2021-07-30,403.61
2021-07-31,455.03
2021-08-01,169.99
2021-08-02,426.06
2021-08-03,339.7
2021-08-04,339.83
2021-08-05,351.47
2021-08-06,271.86
2021-08-07,390.12
2021-08-08,168.21
2021-08-09,290.53
2021-08-10,359.16
2021-08-11,100.14
2021-08-12,161.69
2021-08-13,107.87
2021-08-14,476.81
2021-08-15,160.97
2021-08-16,123.84
2021-08-17,456.07
2021-08-18,108.62
2021-08-19,430.49
2021-08-20,286.74
2021-08-21,399.43
2021-08-22,174.36
2021-08-23,127.34
2021-08-24,108.89
2021-08-25,464.38
2021-08-26,447.56
2021-08-27,308.65
2021-08-28,182.41
2021-08-29,461.76
2021-08-30,208.4
2021-08-31,344.14
2021-09-01,369.46
2021-09-02,438.42
2021-09-03,288.77
2021-09-04,152.16
2021-09-05,466.08
2021-09-06,193.49
2021-09-07,310.91
2021-09-08,155.57
2021-09-09,237.34
2021-09-10,258.1
2021-09-11,276.17
2021-09-12,126.59
2021-09-13,470.51
2021-09-14,386.22
2021-09-15,446.5
2021-09-16,216.46
2021-09-17,367.66
2021-09-18,236.63
2021-09-19,164.76
2021-09-20,252.72
2021-09-21,392.71
2021-09-22,205.58
2021-09-23,281.05
2021-09-24,260.03
2021-09-25,231.92
2021-09-26,421.17
2021-09-27,490.45
2021-09-28,151.9
2021-09-29,220.12
2021-09-30,406.91
2021-10-01,359.92
2021-10-02,217.57
2021-10-03,229.8
2021-10-04,222.6
2021-10-05,459.95
2021-10-06,497.5
2021-10-07,359.59
2021-10-08,249.83
2021-10-09,357.38
2021-10-10,496.91
2021-10-11,480.05
2021-10-12,433.11
2021-10-13,356.98
2021-10-14,326.54
2021-10-15,456.95
2021-10-16,206.83
2021-10-17,118.71
2021-10-18,374.16
2021-10-19,237.52
2021-10-20,358.76
2021-10-21,386.62
2021-10-22,331.18
2021-10-23,139.21
2021-10-24,106.38
2021-10-25,325.28
2021-10-26,333.9
2021-10-27,295.98
2021-10-28,229.87
2021-10-29,150.01
2021-10-30,141.87
2021-10-31,388.24
2021-11-01,488.54
2021-11-02,485.12
2021-11-03,193.94
2021-11-04,235.58
2021-11-05,499.8
2021-11-06,165.2
2021-11-07,476.85
2021-11-08,375.92
2021-11-09,164.06
2021-11-10,197.61
2021-11-11,417.0
2021-11-12,272.32
2021-11-13,235.98
2021-11-14,110.59
2021-11-15,146.33
2021-11-16,257.04
2021-11-17,283.26
2021-11-18,310.01
2021-11-19,327.9
2021-11-20,255.08
2021-11-21,113.1
2021-11-22,183.76
2021-11-23,105.55
2021-11-24,123.67
2021-11-25,480.59
2021-11-26,490.07
2021-11-27,226.38
2021-11-28,143.35
2021-11-29,234.87
2021-11-30,471.3
2021-12-01,133.62
2021-12-02,305.85
2021-12-03,361.82
2021-12-04,308.3
2021-12-05,479.94
2021-12-06,128.44
2021-12-07,464.39
2021-12-08,179.66
2021-12-09,339.5
2021-12-10,149.16
2021-12-11,333.23
2021-12-12,209.78
2021-12-13,456.79
2021-12-14,464.96
2021-12-15,278.57
2021-12-16,348.24
2021-12-17,406.23
2021-12-18,272.22
2021-12-19,116.77
2021-12-20,167.14
2021-12-21,361.9
2021-12-22,263.65
2021-12-23,435.63
2021-12-24,218.02
2021-12-25,156.91
2021-12-26,182.18
2021-12-27,201.96
2021-12-28,104.2
2021-12-29,247.21
2021-12-30,308.64
2021-12-31,390.11
2022-01-01,114.18
2022-01-02,349.62
2022-01-03,344.15
2022-01-04,447.13
2022-01-05,275.26
2022-01-06,299.13
2022-01-07,349.97
2022-01-08,461.91
2022-01-09,311.4
2022-01-10,474.05
2022-01-11,378.33
2022-01-12,140.17
2022-01-13,379.62
2022-01-14,109.96
2022-01-15,389.96
2022-01-16,273.39
2022-01-17,394.86
2022-01-18,360.02
2022-01-19,268.08
2022-01-20,122.95
2022-01-21,261.44
2022-01-22,255.78
2022-01-23,398.89
2022-01-24,479.8
2022-01-25,314.87
2022-01-26,472.48
2022-01-27,468.99
2022-01-28,233.06
2022-01-29,350.25
2022-01-30,165.88
2022-01-31,252.11
2022-02-01,242.04
2022-02-02,350.3
2022-02-03,137.76
2022-02-04,321.66
2022-02-05,139.88
2022-02-06,210.95
2022-02-07,135.66
2022-02-08,199.17
2022-02-09,334.7
2022-02-10,481.36
2022-02-11,250.7
2022-02-12,223.58
2022-02-13,160.69
2022-02-14,163.98
2022-02-15,393.41
2022-02-16,137.79
2022-02-17,486.01
2022-02-18,175.09
2022-02-19,484.56
2022-02-20,283.82
2022-02-21,444.9
2022-02-22,381.31
2022-02-23,364.2
2022-02-24,113.28
2022-02-25,483.64
2022-02-26,112.23
2022-02-27,479.12
2022-02-28,308.33
2022-03-01,434.73
2022-03-02,293.51
2022-03-03,196.93
2022-03-04,399.73
2022-03-05,198.43
2022-03-06,105.34
2022-03-07,401.33
2022-03-08,418.55
2022-03-09,407.08
2022-03-10,121.89
2022-03-11,151.56
2022-03-12,345.38
2022-03-13,319.83
2022-03-14,219.15
2022-03-15,291.49
2022-03-16,399.18
2022-03-17,400.05
2022-03-18,297.36
2022-03-19,210.0
2022-03-20,479.56
2022-03-21,249.51
2022-03-22,315.04
2022-03-23,298.06
2022-03-24,331.6
2022-03-25,210.57
2022-03-26,119.75
2022-03-27,480.44
2022-03-28,239.9
2022-03-29,453.54
2022-03-30,330.19
2022-03-31,386.76
2022-04-01,293.71
2022-04-02,102.77
2022-04-03,205.01
2022-04-04,173.02
2022-04-05,282.43
2022-04-06,490.75
2022-04-07,283.49
2022-04-08,239.07
2022-04-09,141.59
2022-04-10,246.99
2022-04-11,407.99
2022-04-12,157.31
2022-04-13,391.62
2022-04-14,439.61
2022-04-15,321.21
2022-04-16,239.07
2022-04-17,127.02
2022-04-18,300.24
2022-04-19,362.37
2022-04-20,331.19
2022-04-21,459.11
2022-04-22,438.32
2022-04-23,285.01
2022-04-24,404.14
2022-04-25,231.2
2022-04-26,432.41
2022-04-27,176.6
2022-04-28,460.33
2022-04-29,351.93
2022-04-30,123.63
2022-05-01,252.9
2022-05-02,328.89
2022-05-03,202.83
2022-05-04,120.56
2022-05-05,158.58
2022-05-06,356.43
2022-05-07,176.18
2022-05-08,431.64
2022-05-09,191.2
2022-05-10,486.53
2022-05-11,414.48
2022-05-12,294.41
2022-05-13,264.8
2022-05-14,168.22
2022-05-15,392.39
2022-05-16,375.69
2022-05-17,176.56
2022-05-18,193.36
2022-05-19,137.99
2022-05-20,162.64
2022-05-21,328.72
2022-05-22,478.13
2022-05-23,281.56
2022-05-24,169.05
2022-05-25,445.59
2022-05-26,360.53
2022-05-27,158.89
2022-05-28,314.43
2022-05-29,308.51
2022-05-30,118.7
2022-05-31,250.6
2022-06-01,462.44
2022-06-02,351.45
2022-06-03,426.57
2022-06-04,253.3
2022-06-05,185.98
2022-06-06,363.42
2022-06-07,309.27
2022-06-08,247.13
2022-06-09,423.32
2022-06-10,391.79
2022-06-11,311.15
2022-06-12,467.77
2022-06-13,480.4
2022-06-14,378.14
2022-06-15,217.8
2022-06-16,423.08
2022-06-17,230.03
2022-06-18,488.22
2022-06-19,241.32
2022-06-20,459.02
2022-06-21,249.6
2022-06-22,339.98
2022-06-23,328.7
2022-06-24,482.86
2022-06-25,437.88
2022-06-26,333.03
2022-06-27,278.41
2022-06-28,405.28
2022-06-29,167.95
2022-06-30,451.0
2022-07-01,319.45
2022-07-02,402.96
2022-07-03,315.89
2022-07-04,137.01
2022-07-05,479.89
2022-07-06,495.68
2022-07-07,416.38
2022-07-08,258.79
2022-07-09,101.48
2022-07-10,338.93
2022-07-11,138.41
2022-07-12,243.88
2022-07-13,351.31
2022-07-14,486.01
2022-07-15,225.04
2022-07-16,113.77
2022-07-17,167.35
2022-07-18,300.72
2022-07-19,340.65
2022-07-20,145.58
2022-07-21,245.91
2022-07-22,443.64
2022-07-23,240.8
2022-07-24,179.9
2022-07-25,301.54
2022-07-26,216.52
2022-07-27,289.23
2022-07-28,204.06
2022-07-29,414.2
2022-07-30,463.61
2022-07-31,237.71
2022-08-01,261.5
2022-08-02,469.2
2022-08-03,242.1
2022-08-04,180.43
2022-08-05,276.42
2022-08-06,282.18
2022-08-07,169.3
2022-08-08,472.23
2022-08-09,390.2
2022-08-10,472.1
2022-08-11,306.94
2022-08-12,242.07
2022-08-13,128.56
2022-08-14,140.7
2022-08-15,433.33
2022-08-16,422.27
2022-08-17,274.79
2022-08-18,203.15
2022-08-19,275.03
2022-08-20,466.8
2022-08-21,419.28
2022-08-22,120.84
2022-08-23,387.22
2022-08-24,300.72
2022-08-25,361.92
2022-08-26,222.99
2022-08-27,421.09
2022-08-28,437.94
2022-08-29,178.4
2022-08-30,286.14
2022-08-31,230.0
2022-09-01,375.6
2022-09-02,112.51
2022-09-03,226.74
2022-09-04,378.09
2022-09-05,293.6
2022-09-06,252.44
2022-09-07,288.11
2022-09-08,357.31
2022-09-09,211.8
2022-09-10,186.48
2022-09-11,293.02
2022-09-12,269.08
2022-09-13,296.06
2022-09-14,363.4
2022-09-15,267.09
2022-09-16,323.83
2022-09-17,110.96
2022-09-18,145.16
2022-09-19,491.69
2022-09-20,131.13
2022-09-21,190.06
2022-09-22,370.8
2022-09-23,194.1
2022-09-24,291.81
2022-09-25,494.21
2022-09-26,205.27
2022-09-27,224.94
2022-09-28,251.21
2022-09-29,283.59
2022-09-30,323.55
2022-10-01,348.79
2022-10-02,176.03
2022-10-03,460.51
2022-10-04,418.19
2022-10-05,288.25
2022-10-06,271.48
2022-10-07,353.04
2022-10-08,472.28
2022-10-09,439.82
2022-10-10,380.36
2022-10-11,245.09
2022-10-12,148.0
2022-10-13,460.28
2022-10-14,323.4
2022-10-15,255.63
2022-10-16,421.96
2022-10-17,255.35
2022-10-18,241.42
2022-10-19,102.29
2022-10-20,390.19
2022-10-21,294.92
2022-10-22,274.59
2022-10-23,145.53
2022-10-24,473.94
2022-10-25,346.51
2022-10-26,242.66
2022-10-27,150.84
2022-10-28,246.68
2022-10-29,401.63
2022-10-30,331.89
2022-10-31,298.45
2022-11-01,386.84
2022-11-02,367.51
2022-11-03,179.53
2022-11-04,325.16
2022-11-05,288.03
2022-11-06,128.75
2022-11-07,196.94
2022-11-08,224.73
2022-11-09,372.37
2022-11-10,354.91
2022-11-11,296.5
2022-11-12,205.29
2022-11-13,292.11
2022-11-14,267.23
2022-11-15,100.27
2022-11-16,281.87
2022-11-17,406.77
2022-11-18,226.47
2022-11-19,487.67
2022-11-20,362.79
2022-11-21,403.79
2022-11-22,259.18
2022-11-23,288.63
2022-11-24,179.77
2022-11-25,429.3
2022-11-26,450.25
2022-11-27,366.99
2022-11-28,438.67
2022-11-29,369.67
2022-11-30,352.76
2022-12-01,472.64
2022-12-02,358.21
2022-12-03,330.83
2022-12-04,235.41
2022-12-05,465.61
2022-12-06,362.41
2022-12-07,293.56
2022-12-08,155.03
2022-12-09,443.94
2022-12-10,147.16
2022-12-11,327.07
2022-12-12,109.94
2022-12-13,215.22
2022-12-14,486.53
2022-12-15,353.21
2022-12-16,451.29
2022-12-17,131.32
2022-12-18,283.35
2022-12-19,425.22
2022-12-20,154.86
2022-12-21,109.07
2022-12-22,112.16
2022-12-23,401.27
2022-12-24,307.02
2022-12-25,423.7
2022-12-26,343.45
2022-12-27,381.97
2022-12-28,271.38
2022-12-29,172.58
2022-12-30,466.03
2022-12-31,256.14
2023-01-01,227.69
2023-01-02,318.2
2023-01-03,132.63
2023-01-04,132.98
2023-01-05,339.41
2023-01-06,201.78
2023-01-07,105.19
2023-01-08,444.48
2023-01-09,161.15
2023-01-10,301.17
2023-01-11,399.98
2023-01-12,237.68
2023-01-13,313.25
2023-01-14,128.14
2023-01-15,494.1
2023-01-16,418.4
2023-01-17,445.0
2023-01-18,405.73
2023-01-19,257.26
2023-01-20,406.05
2023-01-21,484.84
2023-01-22,262.61
2023-01-23,249.1
2023-01-24,223.74
2023-01-25,198.87
2023-01-26,126.62
2023-01-27,255.89
2023-01-28,469.45
2023-01-29,182.88
2023-01-30,305.39
2023-01-31,323.38
2023-02-01,354.2
2023-02-02,439.34
2023-02-03,474.92
2023-02-04,323.83
2023-02-05,441.17
2023-02-06,470.39
2023-02-07,336.8
2023-02-08,388.39
2023-02-09,268.52
2023-02-10,152.4
2023-02-11,136.81
2023-02-12,206.76
2023-02-13,163.46
2023-02-14,338.81
2023-02-15,361.51
2023-02-16,315.77
2023-02-17,197.25
2023-02-18,487.13
2023-02-19,165.52
2023-02-20,250.19
2023-02-21,413.01
2023-02-22,279.55
2023-02-23,237.79
2023-02-24,413.32
2023-02-25,300.76
2023-02-26,172.96
2023-02-27,428.73
2023-02-28,425.52
2023-03-01,188.88
2023-03-02,108.15
2023-03-03,295.65
2023-03-04,108.24
2023-03-05,281.36
2023-03-06,461.87
2023-03-07,133.91
2023-03-08,137.96
2023-03-09,448.41
2023-03-10,218.8
2023-03-11,358.66
2023-03-12,404.87
2023-03-13,253.8
2023-03-14,244.36
2023-03-15,365.5
2023-03-16,388.38
2023-03-17,437.53
2023-03-18,178.55
2023-03-19,480.41
2023-03-20,486.4
2023-03-21,133.13
2023-03-22,247.34
2023-03-23,405.14
2023-03-24,335.48
2023-03-25,162.2
2023-03-26,239.09
2023-03-27,409.32
2023-03-28,292.18
2023-03-29,273.27
2023-03-30,167.62
2023-03-31,451.71
2023-04-01,400.03
2023-04-02,300.71
2023-04-03,253.7
2023-04-04,218.31
2023-04-05,213.17
2023-04-06,320.16
2023-04-07,193.78
2023-04-08,178.4
2023-04-09,270.26
2023-04-10,354.9
2023-04-11,261.02
2023-04-12,180.7
2023-04-13,306.81
2023-04-14,303.18
2023-04-15,197.45
2023-04-16,392.62
2023-04-17,233.11
2023-04-18,122.69
2023-04-19,433.97
2023-04-20,322.79
2023-04-21,132.89
2023-04-22,497.04
2023-04-23,270.39
2023-04-24,392.19
2023-04-25,269.87
2023-04-26,202.7
2023-04-27,215.25
2023-04-28,153.02
2023-04-29,217.2
2023-04-30,357.35
2023-05-01,274.69
2023-05-02,390.28
2023-05-03,387.52
2023-05-04,114.06
2023-05-05,126.09
2023-05-06,242.14
2023-05-07,232.68
2023-05-08,232.66
2023-05-09,489.34
2023-05-10,236.99
2023-05-11,387.26
2023-05-12,302.23
2023-05-13,274.7
2023-05-14,318.89
2023-05-15,299.74
2023-05-16,438.39
2023-05-17,362.21
2023-05-18,135.92
2023-05-19,175.78
2023-05-20,114.33
2023-05-21,317.22
2023-05-22,296.6
2023-05-23,390.86
2023-05-24,264.07
2023-05-25,360.6
2023-05-26,459.33
2023-05-27,197.71
2023-05-28,341.1
2023-05-29,131.18
2023-05-30,488.25
2023-05-31,476.34
2023-06-01,372.8
2023-06-02,221.61
2023-06-03,447.35
2023-06-04,197.87
2023-06-05,484.72
2023-06-06,305.18
2023-06-07,480.6
2023-06-08,407.0
2023-06-09,252.93
2023-06-10,308.51
2023-06-11,382.31
2023-06-12,175.26
2023-06-13,138.1
2023-06-14,189.83
2023-06-15,150.94
2023-06-16,315.41
2023-06-17,398.74
2023-06-18,223.54
2023-06-19,395.55
2023-06-20,188.88
2023-06-21,359.56
2023-06-22,411.81
2023-06-23,387.11
2023-06-24,470.16
2023-06-25,153.63
2023-06-26,104.39
2023-06-27,209.42
2023-06-28,232.15
2023-06-29,420.94
2023-06-30,247.27
2023-07-01,435.42
2023-07-02,391.02
2023-07-03,348.79
2023-07-04,144.13
2023-07-05,124.77
2023-07-06,301.32
2023-07-07,460.24
2023-07-08,179.15
2023-07-09,352.17
2023-07-10,487.85
2023-07-11,177.4
2023-07-12,440.44
2023-07-13,225.06
2023-07-14,309.15
2023-07-15,425.41
2023-07-16,325.17
2023-07-17,211.33
2023-07-18,364.83
2023-07-19,259.15
2023-07-20,462.63
2023-07-21,486.97
2023-07-22,138.46
2023-07-23,103.74
2023-07-24,481.39
2023-07-25,496.06
2023-07-26,274.54
2023-07-27,138.87
2023-07-28,171.69
2023-07-29,315.6
2023-07-30,400.63
2023-07-31,382.39
2023-08-01,402.44
2023-08-02,218.88
2023-08-03,402.77
2023-08-04,427.28
2023-08-05,154.65
2023-08-06,216.76
2023-08-07,204.12
2023-08-08,468.03
2023-08-09,208.95
2023-08-10,424.41
2023-08-11,113.83
2023-08-12,259.73
2023-08-13,399.17
2023-08-14,378.28
2023-08-15,108.51
2023-08-16,249.65
2023-08-17,182.0
2023-08-18,493.99
2023-08-19,151.89
2023-08-20,492.24
2023-08-21,326.38
2023-08-22,257.66
2023-08-23,155.04
2023-08-24,292.1
2023-08-25,273.87
2023-08-26,271.99
2023-08-27,317.71
2023-08-28,274.48
2023-08-29,401.15
2023-08-30,139.86
2023-08-31,323.67
2023-09-01,361.43
2023-09-02,262.55
2023-09-03,488.19
2023-09-04,330.47
2023-09-05,380.81
2023-09-06,481.01
2023-09-07,143.04
2023-09-08,305.28
2023-09-09,158.42
2023-09-10,341.47
2023-09-11,284.01
2023-09-12,120.85
2023-09-13,103.54
2023-09-14,157.75
2023-09-15,414.07
2023-09-16,200.5
2023-09-17,120.53
2023-09-18,250.42
2023-09-19,492.83
2023-09-20,457.02
2023-09-21,234.38
2023-09-22,259.84
2023-09-23,341.05
2023-09-24,458.49
2023-09-25,489.15
2023-09-26,399.43
2023-09-27,396.33
2023-09-28,340.28
2023-09-29,194.68
2023-09-30,490.77
2023-10-01,150.3
2023-10-02,226.89
2023-10-03,445.12
2023-10-04,166.21
2023-10-05,147.36
2023-10-06,210.7
2023-10-07,346.9
2023-10-08,348.68
2023-10-09,443.13
2023-10-10,167.27
2023-10-11,431.0
2023-10-12,378.06
2023-10-13,153.31
2023-10-14,100.46
2023-10-15,270.04
2023-10-16,379.21
2023-10-17,479.32
2023-10-18,346.0
2023-10-19,388.91
2023-10-20,404.43
2023-10-21,490.1
2023-10-22,278.98
2023-10-23,391.29
2023-10-24,268.03
2023-10-25,340.45
2023-10-26,278.12
2023-10-27,444.27
2023-10-28,109.3
2023-10-29,233.37
2023-10-30,461.94
2023-10-31,135.68
2023-11-01,401.69
2023-11-02,320.92
2023-11-03,400.41
2023-11-04,227.22
2023-11-05,406.24
2023-11-06,357.35
2023-11-07,157.76
2023-11-08,494.28
2023-11-09,259.9
2023-11-10,350.69
2023-11-11,238.74
2023-11-12,272.4
2023-11-13,270.4
2023-11-14,195.24
2023-11-15,491.39
2023-11-16,374.79
2023-11-17,205.21
2023-11-18,325.81
2023-11-19,182.73
2023-11-20,161.68
2023-11-21,447.4
2023-11-22,181.71
2023-11-23,399.91
2023-11-24,154.64
2023-11-25,103.15
2023-11-26,345.15
2023-11-27,307.46
2023-11-28,143.23
2023-11-29,278.33
2023-11-30,259.37
2023-12-01,413.19
2023-12-02,388.38
2023-12-03,422.7
2023-12-04,188.42
2023-12-05,242.16
2023-12-06,234.62
2023-12-07,485.66
2023-12-08,492.7
2023-12-09,300.77
2023-12-10,305.36
2023-12-11,247.79
2023-12-12,190.98
2023-12-13,311.9
2023-12-14,498.15
2023-12-15,302.16
2023-12-16,112.79
2023-12-17,176.32
2023-12-18,210.43
2023-12-19,401.53
2023-12-20,284.18
2023-12-21,336.65
2023-12-22,395.19
2023-12-23,135.64
2023-12-24,438.77
2023-12-25,114.95
2023-12-26,398.41
2023-12-27,212.03
2023-12-28,334.78
2023-12-29,349.57
2023-12-30,298.48
2023-12-31,104.62
2024-01-01,351.83
2024-01-02,278.41
2024-01-03,190.05
2024-01-04,308.9
2024-01-05,441.63
2024-01-06,102.24
2024-01-07,183.8
2024-01-08,413.35
2024-01-09,378.82
2024-01-10,446.8
2024-01-11,205.74
2024-01-12,149.62
2024-01-13,473.32
2024-01-14,256.81
2024-01-15,382.68
2024-01-16,288.49
2024-01-17,148.49
2024-01-18,424.96
2024-01-19,459.66
2024-01-20,299.34
2024-01-21,231.57
2024-01-22,469.61
2024-01-23,379.56
2024-01-24,204.96
2024-01-25,153.03
2024-01-26,177.75
2024-01-27,310.71
2024-01-28,371.05
2024-01-29,228.7
2024-01-30,327.15
2024-01-31,266.61
2024-02-01,196.53
2024-02-02,367.93
2024-02-03,161.26
2024-02-04,494.23
2024-02-05,305.4
2024-02-06,409.97
2024-02-07,454.07
2024-02-08,372.89
2024-02-09,424.68
2024-02-10,209.53
2024-02-11,221.77
2024-02-12,238.14
2024-02-13,430.79
2024-02-14,258.61
2024-02-15,222.71
2024-02-16,296.6
2024-02-17,493.19
2024-02-18,175.24
2024-02-19,384.33
2024-02-20,479.19
2024-02-21,202.99
2024-02-22,136.23
2024-02-23,412.04
2024-02-24,105.04
2024-02-25,364.65
2024-02-26,170.68
2024-02-27,177.1
2024-02-28,224.9
2024-02-29,476.49
2024-03-01,235.22
2024-03-02,159.64
2024-03-03,198.38
2024-03-04,150.89
2024-03-05,171.98
2024-03-06,201.59
2024-03-07,351.56
2024-03-08,256.41
2024-03-09,107.91
2024-03-10,429.1
2024-03-11,248.75
2024-03-12,404.36
2024-03-13,322.28
2024-03-14,374.91
2024-03-15,282.38
2024-03-16,499.72
2024-03-17,190.97
2024-03-18,204.68
2024-03-19,353.6
2024-03-20,227.1
2024-03-21,275.21
2024-03-22,130.13
2024-03-23,430.47
2024-03-24,205.08
2024-03-25,401.03
2024-03-26,192.39
2024-03-27,209.54
2024-03-28,223.81
2024-03-29,461.29
2024-03-30,307.56
2024-03-31,146.24
2024-04-01,392.66
2024-04-02,412.24
2024-04-03,492.86
2024-04-04,109.08
2024-04-05,489.4
2024-04-06,400.35
2024-04-07,303.07
2024-04-08,381.96
2024-04-09,222.8
2024-04-10,168.2
2024-04-11,388.51
2024-04-12,424.83
2024-04-13,454.98
2024-04-14,415.9
2024-04-15,118.85
2024-04-16,299.74
2024-04-17,277.04
2024-04-18,173.86
2024-04-19,400.82
2024-04-20,478.96
2024-04-21,171.21
2024-04-22,365.85
2024-04-23,365.48
2024-04-24,444.27
2024-04-25,198.62
2024-04-26,270.1
2024-04-27,316.14
2024-04-28,362.52
2024-04-29,163.72
2024-04-30,487.07
2024-05-01,152.77
2024-05-02,395.08
2024-05-03,434.41
2024-05-04,440.57
2024-05-05,458.86
2024-05-06,111.39
2024-05-07,211.77
2024-05-08,439.2
2024-05-09,108.61
2024-05-10,262.26
2024-05-11,249.67
2024-05-12,242.23
2024-05-13,204.43
2024-05-14,461.85
2024-05-15,150.15
2024-05-16,187.84
2024-05-17,481.38
2024-05-18,383.09
2024-05-19,255.49
2024-05-20,464.95
2024-05-21,285.22
2024-05-22,430.88
2024-05-23,417.67
2024-05-24,133.97
2024-05-25,457.08
2024-05-26,331.86
2024-05-27,312.4
2024-05-28,235.46
2024-05-29,287.56
2024-05-30,161.21
2024-05-31,490.18
2024-06-01,110.23
2024-06-02,461.65
2024-06-03,456.72
2024-06-04,271.36
2024-06-05,424.42
2024-06-06,231.89
2024-06-07,323.59
2024-06-08,340.59
2024-06-09,399.16
2024-06-10,218.28
2024-06-11,255.85
2024-06-12,192.48
2024-06-13,457.81
2024-06-14,416.46
2024-06-15,300.71
2024-06-16,307.69
2024-06-17,493.63
2024-06-18,276.41
2024-06-19,197.64
2024-06-20,276.96
2024-06-21,421.44
2024-06-22,255.97
2024-06-23,124.45
2024-06-24,409.78
2024-06-25,465.69
2024-06-26,497.01
2024-06-27,322.0
2024-06-28,405.34
2024-06-29,116.83
2024-06-30,421.44
2024-07-01,238.58
2024-07-02,123.21
2024-07-03,449.23
2024-07-04,226.22
2024-07-05,144.99
2024-07-06,381.0
2024-07-07,195.04
2024-07-08,329.75
2024-07-09,202.59
2024-07-10,442.59
2024-07-11,227.33
2024-07-12,287.24
2024-07-13,356.5
2024-07-14,327.11
2024-07-15,442.85
2024-07-16,434.64
2024-07-17,470.02
2024-07-18,111.07
2024-07-19,200.05
2024-07-20,329.02
2024-07-21,275.52
2024-07-22,208.95
2024-07-23,185.73
2024-07-24,111.52
2024-07-25,145.02
2024-07-26,261.85
2024-07-27,409.3
2024-07-28,244.81
2024-07-29,111.26
2024-07-30,490.27
2024-07-31,163.26
2024-08-01,297.19
2024-08-02,354.05
2024-08-03,126.38
2024-08-04,188.58
2024-08-05,290.53
2024-08-06,499.63
2024-08-07,111.8
2024-08-08,428.12
2024-08-09,352.77
2024-08-10,303.32
2024-08-11,275.51
2024-08-12,205.86
2024-08-13,392.36
2024-08-14,421.22
2024-08-15,292.99
2024-08-16,160.68
2024-08-17,111.24
2024-08-18,223.86
2024-08-19,108.03
2024-08-20,114.47
2024-08-21,405.66
2024-08-22,121.45
2024-08-23,401.92
2024-08-24,343.47
2024-08-25,332.12
2024-08-26,326.92
2024-08-27,166.46
2024-08-28,415.81
2024-08-29,311.89
2024-08-30,443.92
2024-08-31,267.85
2024-09-01,467.87
2024-09-02,232.88
2024-09-03,388.29
2024-09-04,454.45
2024-09-05,243.05
2024-09-06,102.83
2024-09-07,135.64
2024-09-08,155.97
2024-09-09,452.58
2024-09-10,485.6
2024-09-11,391.3
2024-09-12,377.96
2024-09-13,186.42
2024-09-14,297.01
2024-09-15,370.01
2024-09-16,117.12
2024-09-17,190.49
2024-09-18,311.5
2024-09-19,309.35
2024-09-20,149.77
2024-09-21,398.92
2024-09-22,424.46
2024-09-23,225.05
2024-09-24,212.74
2024-09-25,339.0
2024-09-26,289.51
2024-09-27,367.67
2024-09-28,314.44
2024-09-29,390.78
2024-09-30,384.64
2024-10-01,207.15
2024-10-02,271.05
2024-10-03,480.35
2024-10-04,267.72
2024-10-05,246.33
2024-10-06,331.2
2024-10-07,120.4
2024-10-08,219.17
2024-10-09,355.49
2024-10-10,274.76
2024-10-11,376.66
2024-10-12,249.58
2024-10-13,271.67
2024-10-14,214.58
2024-10-15,386.92
2024-10-16,119.75
2024-10-17,404.43
2024-10-18,261.29
2024-10-19,440.97
2024-10-20,384.15
2024-10-21,431.54
2024-10-22,120.62
2024-10-23,380.92
2024-10-24,240.69
2024-10-25,311.05
2024-10-26,278.85
2024-10-27,101.82
2024-10-28,494.26
2024-10-29,468.32
2024-10-30,135.65
2024-10-31,304.43
2024-11-01,210.14
2024-11-02,362.84
2024-11-03,472.34
2024-11-04,434.68
2024-11-05,382.8
2024-11-06,192.47
2024-11-07,402.82
2024-11-08,478.25
2024-11-09,234.35
2024-11-10,151.1
2024-11-11,337.96
2024-11-12,274.89
2024-11-13,299.04
2024-11-14,176.68
2024-11-15,145.24
2024-11-16,103.45
2024-11-17,127.26
2024-11-18,259.72
2024-11-19,371.71
2024-11-20,437.58
2024-11-21,391.69
2024-11-22,335.64
2024-11-23,335.4
2024-11-24,368.03
2024-11-25,223.55
2024-11-26,378.77
2024-11-27,391.15
2024-11-28,279.64
2024-11-29,426.99
2024-11-30,191.28
2024-12-01,239.82
2024-12-02,209.13
2024-12-03,122.03
2024-12-04,227.98
2024-12-05,461.68
2024-12-06,331.02
2024-12-07,349.08
2024-12-08,168.7
2024-12-09,489.76
2024-12-10,295.02
2024-12-11,329.18
2024-12-12,381.31
2024-12-13,390.72
2024-12-14,428.41
2024-12-15,136.98
2024-12-16,175.36
2024-12-17,455.94
2024-12-18,221.61
2024-12-19,145.7
2024-12-20,345.73
2024-12-21,481.77
2024-12-22,352.72
2024-12-23,441.99
2024-12-24,451.0
2024-12-25,463.47
2024-12-26,324.81
2024-12-27,472.68
2024-12-28,310.05
